<MD_Metadata xmlns:gmd="http://www.isotc211.org/2005/gmd" xmlns:xsi="http://www.w3.org/2001/XMLSchema-instance" xmlns:gco="http://www.isotc211.org/2005/gco" xmlns:srv="http://www.isotc211.org/2005/srv" xmlns:gmx="http://www.isotc211.org/2005/gmx" xmlns:gts="http://www.isotc211.org/2005/gts" xmlns:gsr="http://www.isotc211.org/2005/gsr" xmlns:gmi="http://www.isotc211.org/2005/gmi" xmlns:gml="http://www.opengis.net/gml" xmlns:xlink="http://www.w3.org/1999/xlink" xsi:schemaLocation="http://www.isotc211.org/2005/gmd http://schemas.opengis.net/iso/19139/20060504/gmd/gmd.xsd">
	<fileIdentifier>
		<CharacterString>
			c8854201-0ea2-4d9b-8583-bd946494ac4c
		</CharacterString>
	</fileIdentifier>
	<language>
		<LanguageCode codeList="http://www.loc.gov/standards/iso639-2/" codeListValue="ger" />
	</language>
	<hierarchyLevel>
		<MD_ScopeCode codeList="http://standards.iso.org/iso/19139/resources/gmxCodelists.xml#MD_ScopeCode" codeListValue="dataset" />
	</hierarchyLevel>
	<contact>
		<CI_ResponsibleParty>
			<organisationName>
				<CharacterString>
					Bundesamt für Eich- und Vermessungswesen
				</CharacterString>
			</organisationName>
			<contactInfo>
				<CI_Contact>
					<address>
						<CI_Address>
							<electronicMailAddress>
								<CharacterString>
									kundenservice@bev.gv.at
								</CharacterString>
							</electronicMailAddress>
						</CI_Address>
					</address>
				</CI_Contact>
			</contactInfo>
			<role>
				<CI_RoleCode codeList="http://standards.iso.org/iso/19139/resources/gmxCodelists.xml#CI_RoleCode" codeListValue="pointOfContact" />
			</role>
		</CI_ResponsibleParty>
	</contact>
	<dateStamp>
		<DateTime>
			2023-02-16T13:51:05
		</DateTime>
	</dateStamp>
	<metadataStandardName>
		<CharacterString>
			ISO19115
		</CharacterString>
	</metadataStandardName>
	<metadataStandardVersion>
		<CharacterString>
			2003/Cor.1:2006
		</CharacterString>
	</metadataStandardVersion>
	<referenceSystemInfo>
		<MD_ReferenceSystem>
			<referenceSystemIdentifier>
				<RS_Identifier>
					<code>
						<Anchor xlink:href="http://www.opengis.net/def/crs/EPSG/0/31254">
							EPSG:31254
						</Anchor>
					</code>
				</RS_Identifier>
			</referenceSystemIdentifier>
		</MD_ReferenceSystem>
	</referenceSystemInfo>
	<referenceSystemInfo>
		<MD_ReferenceSystem>
			<referenceSystemIdentifier>
				<RS_Identifier>
					<code>
						<Anchor xlink:href="http://www.opengis.net/def/crs/EPSG/0/31255">
							EPSG:31255
						</Anchor>
					</code>
				</RS_Identifier>
			</referenceSystemIdentifier>
		</MD_ReferenceSystem>
	</referenceSystemInfo>
	<referenceSystemInfo>
		<MD_ReferenceSystem>
			<referenceSystemIdentifier>
				<RS_Identifier>
					<code>
						<Anchor xlink:href="http://www.opengis.net/def/crs/EPSG/0/31256">
							EPSG:31256
						</Anchor>
					</code>
				</RS_Identifier>
			</referenceSystemIdentifier>
		</MD_ReferenceSystem>
	</referenceSystemInfo>
	<identificationInfo>
		<MD_DataIdentification>
			<citation>
				<CI_Citation>
					<title>
						<CharacterString>
							Kataster Grafik SHP Stichtag 01.04.2021
						</CharacterString>
					</title>
					<date>
						<CI_Date>
							<date>
								<DateTime>
									2021-07-01T00:00:00
								</DateTime>
							</date>
							<dateType>
								<CI_DateTypeCode codeList="http://standards.iso.org/iso/19139/resources/gmxCodelists.xml#CI_DateTypeCode" codeListValue="publication" />
							</dateType>
						</CI_Date>
					</date>
					<identifier>
						<MD_Identifier>
							<code>
								<CharacterString>
									https://doi.org/10.48677/c8854201-0ea2-4d9b-8583-bd946494ac4c
								</CharacterString>
							</code>
						</MD_Identifier>
					</identifier>
				</CI_Citation>
			</citation>
			<abstract>
				<CharacterString>
					Die Digitale Katastralmappe (DKM) ist der grafische Datenbestand des Katasters im Koordinatensystem der Österreichischen Landesvermessung. Sie wird von den zuständigen Vermessungsämtern katastralgemeindeweise geführt. Die DKM veranschaulicht die Lage der Grundstücke und enthält: - die Grenzen der Grundstücke - die Grundstücksnummern - Nutzungsgrenzen und -symbole - die Fest-, Grenz- und Staatsgrenzpunkte mit deren Nummern - sonstige Darstellungen Die Konsistenz der Daten zwischen der DKM und dem Grundbuch wird über einen täglichen Abgleich der Datenbanken sichergestellt.
				</CharacterString>
			</abstract>
			<pointOfContact>
				<CI_ResponsibleParty>
					<individualName>
						<CharacterString>
							Vermessungsämter
						</CharacterString>
					</individualName>
					<organisationName>
						<CharacterString>
							Bundesamt für Eich- und Vermessungswesen
						</CharacterString>
					</organisationName>
					<contactInfo>
						<CI_Contact>
							<address>
								<CI_Address>
									<electronicMailAddress>
										<CharacterString>
											kundenservice@bev.gv.at
										</CharacterString>
									</electronicMailAddress>
								</CI_Address>
							</address>
						</CI_Contact>
					</contactInfo>
					<role>
						<CI_RoleCode codeList="http://standards.iso.org/iso/19139/resources/gmxCodelists.xml#CI_RoleCode" codeListValue="pointOfContact" />
					</role>
				</CI_ResponsibleParty>
			</pointOfContact>
			<graphicOverview>
				<MD_BrowseGraphic>
					<fileName>
						<CharacterString>
							https://www.bev.gv.at/dam/jcr:392cf568-7007-4b86-842d-1cea84a925bb/Kataster-Verzeichnisse_Stichtagsdate.jpg
						</CharacterString>
					</fileName>
					<fileDescription>
						<CharacterString>
							Kataster Stichtagsdaten
						</CharacterString>
					</fileDescription>
				</MD_BrowseGraphic>
			</graphicOverview>
			<descriptiveKeywords>
				<MD_Keywords>
					<keyword>
						<CharacterString>
							AT.BEV
						</CharacterString>
					</keyword>
				</MD_Keywords>
			</descriptiveKeywords>
			<descriptiveKeywords>
				<MD_Keywords>
					<keyword>
						<Anchor xlink:href="http://inspire.ec.europa.eu/theme/cp">
							Flurstücke/Grundstücke (Katasterparzellen)
						</Anchor>
					</keyword>
					<type>
						<MD_KeywordTypeCode codeList="http://standards.iso.org/iso/19139/resources/gmxCodelists.xml#MD_KeywordTypeCode" codeListValue="theme" />
					</type>
					<thesaurusName>
						<CI_Citation>
							<title>
								<Anchor xlink:href="http://inspire.ec.europa.eu/theme">
									GEMET - INSPIRE themes, version 1.0
								</Anchor>
							</title>
							<date>
								<CI_Date>
									<date>
										<Date>
											2008-06-01
										</Date>
									</date>
									<dateType>
										<CI_DateTypeCode codeList="http://standards.iso.org/iso/19139/resources/gmxCodelists.xml#CI_DateTypeCode" codeListValue="publication" />
									</dateType>
								</CI_Date>
							</date>
							<identifier>
								<MD_Identifier>
									<code>
										<Anchor xlink:href="https://data.bev.gv.at/geonetwork/srv/api/registries/vocabularies/external.theme.httpinspireeceuropaeutheme-theme">
											geonetwork.thesaurus.external.theme.httpinspireeceuropaeutheme-theme
										</Anchor>
									</code>
								</MD_Identifier>
							</identifier>
						</CI_Citation>
					</thesaurusName>
				</MD_Keywords>
			</descriptiveKeywords>
			<descriptiveKeywords>
				<MD_Keywords>
					<keyword>
						<Anchor xlink:href="https://www.eionet.europa.eu/gemet/de/concept/4644">
							Kataster
						</Anchor>
					</keyword>
					<thesaurusName>
						<CI_Citation>
							<title>
								<Anchor xlink:href="https://www.eionet.europa.eu/gemet/">
									GEMET - Concepts, version 4.2.3
								</Anchor>
							</title>
							<date>
								<CI_Date>
									<date>
										<Date>
											2021-12-06
										</Date>
									</date>
									<dateType>
										<CI_DateTypeCode codeList="http://standards.iso.org/iso/19139/resources/gmxCodelists.xml#CI_DateTypeCode" codeListValue="publication" />
									</dateType>
								</CI_Date>
							</date>
						</CI_Citation>
					</thesaurusName>
				</MD_Keywords>
			</descriptiveKeywords>
			<descriptiveKeywords>
				<MD_Keywords>
					<keyword>
						<Anchor xlink:href="http://inspire.ec.europa.eu/metadata-codelist/SpatialScope/national">
							National
						</Anchor>
					</keyword>
					<thesaurusName>
						<CI_Citation>
							<title>
								<Anchor xlink:href="http://inspire.ec.europa.eu/metadata-codelist/SpatialScope">
									Spatial scope
								</Anchor>
							</title>
							<date>
								<CI_Date>
									<date>
										<Date>
											2019-05-22
										</Date>
									</date>
									<dateType>
										<CI_DateTypeCode codeList="http://standards.iso.org/iso/19139/resources/gmxCodelists.xml#CI_DateTypeCode" codeListValue="publication" />
									</dateType>
								</CI_Date>
							</date>
						</CI_Citation>
					</thesaurusName>
				</MD_Keywords>
			</descriptiveKeywords>
			<resourceConstraints xsi:schemaLocation="http://www.isotc211.org/2005/gmd http://schemas.opengis.net/iso/19139/20060504/gmd/gmd.xsd">
				<MD_LegalConstraints>
					<accessConstraints>
						<MD_RestrictionCode codeList="http://standards.iso.org/iso/19139/resources/gmxCodelists.xml#MD_RestrictionCode" codeListValue="otherRestrictions" />
					</accessConstraints>
					<otherConstraints>
						<Anchor xlink:href="http://inspire.ec.europa.eu/metadata-codelist/LimitationsOnPublicAccess/noLimitations">
							Der öffentliche Zugang zu diesem Produkt unterliegt keinen Einschränkungen.
						</Anchor>
					</otherConstraints>
				</MD_LegalConstraints>
			</resourceConstraints>
			<resourceConstraints xsi:schemaLocation="http://www.isotc211.org/2005/gmd http://schemas.opengis.net/iso/19139/20060504/gmd/gmd.xsd">
				<MD_LegalConstraints>
					<useConstraints>
						<MD_RestrictionCode codeList="http://standards.iso.org/iso/19139/resources/gmxCodelists.xml#MD_RestrictionCode" codeListValue="otherRestrictions" />
					</useConstraints>
					<otherConstraints>
						<Anchor xlink:href="https://creativecommons.org/licenses/by/4.0/">
							Für dieses Produkt gilt die Standardlizenz CC-BY-4.0
						</Anchor>
					</otherConstraints>
				</MD_LegalConstraints>
			</resourceConstraints>
			<spatialRepresentationType>
				<MD_SpatialRepresentationTypeCode codeList="http://standards.iso.org/iso/19139/resources/gmxCodelists.xml#MD_SpatialRepresentationTypeCode" codeListValue="vector" />
			</spatialRepresentationType>
			<spatialResolution>
				<MD_Resolution>
					<equivalentScale>
						<MD_RepresentativeFraction>
							<denominator>
								<Integer>
									500
								</Integer>
							</denominator>
						</MD_RepresentativeFraction>
					</equivalentScale>
				</MD_Resolution>
			</spatialResolution>
			<language>
				<LanguageCode codeList="http://www.loc.gov/standards/iso639-2/" codeListValue="ger" />
			</language>
			<topicCategory>
				<MD_TopicCategoryCode>
					planningCadastre
				</MD_TopicCategoryCode>
			</topicCategory>
			<topicCategory>
				<MD_TopicCategoryCode>
					boundaries
				</MD_TopicCategoryCode>
			</topicCategory>
			<extent>
				<EX_Extent>
					<geographicElement>
						<EX_GeographicBoundingBox>
							<westBoundLongitude>
								<Decimal>
									9.53357
								</Decimal>
							</westBoundLongitude>
							<eastBoundLongitude>
								<Decimal>
									17.16639
								</Decimal>
							</eastBoundLongitude>
							<southBoundLatitude>
								<Decimal>
									46.40749
								</Decimal>
							</southBoundLatitude>
							<northBoundLatitude>
								<Decimal>
									49.01875
								</Decimal>
							</northBoundLatitude>
						</EX_GeographicBoundingBox>
					</geographicElement>
				</EX_Extent>
			</extent>
		</MD_DataIdentification>
	</identificationInfo>
	<distributionInfo>
		<MD_Distribution>
			<distributionFormat>
				<MD_Format>
					<name>
						<CharacterString>
							ESRI Shapefile
						</CharacterString>
					</name>
					<version>
						<CharacterString>
							1.0
						</CharacterString>
					</version>
					<specification>
						<CharacterString>
							ESRI Shapefile Technical Description
						</CharacterString>
					</specification>
				</MD_Format>
			</distributionFormat>
			<distributor>
				<MD_Distributor>
					<distributorContact>
						<CI_ResponsibleParty>
							<individualName gco:nilReason="missing">
								<CharacterString />
							</individualName>
							<organisationName>
								<CharacterString>
									Bundesamt für Eich- und Vermessungswesen
								</CharacterString>
							</organisationName>
							<contactInfo>
								<CI_Contact>
									<address>
										<CI_Address>
											<electronicMailAddress gco:nilReason="missing">
												<CharacterString />
											</electronicMailAddress>
										</CI_Address>
									</address>
								</CI_Contact>
							</contactInfo>
							<role>
								<CI_RoleCode codeList="http://standards.iso.org/iso/19139/resources/gmxCodelists.xml#CI_RoleCode" codeListValue="" />
							</role>
						</CI_ResponsibleParty>
					</distributorContact>
				</MD_Distributor>
			</distributor>
			<transferOptions>
				<MD_DigitalTransferOptions>
					<onLine>
						<CI_OnlineResource>
							<linkage>
								<URL>
									https://www.bev.gv.at/Services/Produkte/Kataster-und-Verzeichnisse/Kataster-Stichtagsdaten.html
								</URL>
							</linkage>
							<protocol>
								<CharacterString>
									WWW:LINK-1.0-http--link
								</CharacterString>
							</protocol>
							<name>
								<CharacterString>
									Informationen zum Produkt Kataster Stichtagsdaten
								</CharacterString>
							</name>
							<description>
								<CharacterString>
									Überblick, Qualität, Lagebezug
								</CharacterString>
							</description>
							<function>
								<CI_OnLineFunctionCode codeList="http://standards.iso.org/iso/19139/resources/gmxCodelists.xml#CI_OnLineFunctionCode" codeListValue="information" />
							</function>
						</CI_OnlineResource>
					</onLine>
					<onLine>
						<CI_OnlineResource>
							<linkage>
								<URL>
									https://data.bev.gv.at/download/Kataster/shp/20210401/KAT_DKM_Burgenland_SHP_20210401.zip
								</URL>
							</linkage>
							<protocol>
								<CharacterString>
									WWW:LINK-1.0-http--download
								</CharacterString>
							</protocol>
							<name>
								<CharacterString>
									Kataster Grafik SHP Burgenland Stichtag 01.04.2021
								</CharacterString>
							</name>
							<function>
								<CI_OnLineFunctionCode codeList="http://standards.iso.org/iso/19139/resources/gmxCodelists.xml#CI_OnLineFunctionCode" codeListValue="download" />
							</function>
						</CI_OnlineResource>
					</onLine>
					<onLine>
						<CI_OnlineResource>
							<linkage>
								<URL>
									https://data.bev.gv.at/download/Kataster/shp/20210401/KAT_DKM_Kaernten_SHP_20210401.zip
								</URL>
							</linkage>
							<protocol>
								<CharacterString>
									WWW:LINK-1.0-http--download
								</CharacterString>
							</protocol>
							<name>
								<CharacterString>
									Kataster Grafik SHP Kärnten Stichtag 01.04.2021
								</CharacterString>
							</name>
							<function>
								<CI_OnLineFunctionCode codeList="http://standards.iso.org/iso/19139/resources/gmxCodelists.xml#CI_OnLineFunctionCode" codeListValue="download" />
							</function>
						</CI_OnlineResource>
					</onLine>
					<onLine>
						<CI_OnlineResource>
							<linkage>
								<URL>
									https://data.bev.gv.at/download/Kataster/shp/20210401/KAT_DKM_Niederoesterreich_SHP_20210401.zip
								</URL>
							</linkage>
							<protocol>
								<CharacterString>
									WWW:LINK-1.0-http--download
								</CharacterString>
							</protocol>
							<name>
								<CharacterString>
									Kataster Grafik SHP Niederösterreich Stichtag 01.04.2021
								</CharacterString>
							</name>
							<function>
								<CI_OnLineFunctionCode codeList="http://standards.iso.org/iso/19139/resources/gmxCodelists.xml#CI_OnLineFunctionCode" codeListValue="download" />
							</function>
						</CI_OnlineResource>
					</onLine>
					<onLine>
						<CI_OnlineResource>
							<linkage>
								<URL>
									https://data.bev.gv.at/download/Kataster/shp/20210401/KAT_DKM_Oberoesterreich_SHP_20210401.zip
								</URL>
							</linkage>
							<protocol>
								<CharacterString>
									WWW:LINK-1.0-http--download
								</CharacterString>
							</protocol>
							<name>
								<CharacterString>
									Kataster Grafik SHP Oberösterreich Stichtag 01.04.2021
								</CharacterString>
							</name>
							<function>
								<CI_OnLineFunctionCode codeList="http://standards.iso.org/iso/19139/resources/gmxCodelists.xml#CI_OnLineFunctionCode" codeListValue="download" />
							</function>
						</CI_OnlineResource>
					</onLine>
					<onLine>
						<CI_OnlineResource>
							<linkage>
								<URL>
									https://data.bev.gv.at/download/Kataster/shp/20210401/KAT_DKM_Salzburg_SHP_20210401.zip
								</URL>
							</linkage>
							<protocol>
								<CharacterString>
									WWW:LINK-1.0-http--download
								</CharacterString>
							</protocol>
							<name>
								<CharacterString>
									Kataster Grafik SHP Salzburg Stichtag 01.04.2021
								</CharacterString>
							</name>
							<function>
								<CI_OnLineFunctionCode codeList="http://standards.iso.org/iso/19139/resources/gmxCodelists.xml#CI_OnLineFunctionCode" codeListValue="download" />
							</function>
						</CI_OnlineResource>
					</onLine>
					<onLine>
						<CI_OnlineResource>
							<linkage>
								<URL>
									https://data.bev.gv.at/download/Kataster/shp/20210401/KAT_DKM_Steiermark_SHP_20210401.zip
								</URL>
							</linkage>
							<protocol>
								<CharacterString>
									WWW:DOWNLOAD-1.0-http--download
								</CharacterString>
							</protocol>
							<name>
								<CharacterString>
									Kataster Grafik SHP Steiermark Stichtag 01.04.2021
								</CharacterString>
							</name>
							<function>
								<CI_OnLineFunctionCode codeList="http://standards.iso.org/iso/19139/resources/gmxCodelists.xml#CI_OnLineFunctionCode" codeListValue="download" />
							</function>
						</CI_OnlineResource>
					</onLine>
					<onLine>
						<CI_OnlineResource>
							<linkage>
								<URL>
									https://data.bev.gv.at/download/Kataster/shp/20210401/KAT_DKM_Tirol_SHP_20210401.zip
								</URL>
							</linkage>
							<protocol>
								<CharacterString>
									WWW:LINK-1.0-http--download
								</CharacterString>
							</protocol>
							<name>
								<CharacterString>
									Kataster Grafik SHP Tirol Stichtag 01.04.2021
								</CharacterString>
							</name>
							<function>
								<CI_OnLineFunctionCode codeList="http://standards.iso.org/iso/19139/resources/gmxCodelists.xml#CI_OnLineFunctionCode" codeListValue="download" />
							</function>
						</CI_OnlineResource>
					</onLine>
					<onLine>
						<CI_OnlineResource>
							<linkage>
								<URL>
									https://data.bev.gv.at/download/Kataster/shp/20210401/KAT_DKM_Vorarlberg_SHP_20210401.zip
								</URL>
							</linkage>
							<protocol>
								<CharacterString>
									WWW:LINK-1.0-http--download
								</CharacterString>
							</protocol>
							<name>
								<CharacterString>
									Kataster Grafik SHP Vorarlberg Stichtag 01.04.2021
								</CharacterString>
							</name>
							<function>
								<CI_OnLineFunctionCode codeList="http://standards.iso.org/iso/19139/resources/gmxCodelists.xml#CI_OnLineFunctionCode" codeListValue="download" />
							</function>
						</CI_OnlineResource>
					</onLine>
					<onLine>
						<CI_OnlineResource>
							<linkage>
								<URL>
									https://data.bev.gv.at/download/Kataster/shp/20210401/KAT_DKM_Wien_SHP_20210401.zip
								</URL>
							</linkage>
							<protocol>
								<CharacterString>
									WWW:LINK-1.0-http--download
								</CharacterString>
							</protocol>
							<name>
								<CharacterString>
									Kataster Grafik SHP Wien Stichtag 01.04.2021
								</CharacterString>
							</name>
							<function>
								<CI_OnLineFunctionCode codeList="http://standards.iso.org/iso/19139/resources/gmxCodelists.xml#CI_OnLineFunctionCode" codeListValue="download" />
							</function>
						</CI_OnlineResource>
					</onLine>
					<onLine>
						<CI_OnlineResource>
							<linkage>
								<URL>
									https://doi.org/10.48677/c8854201-0ea2-4d9b-8583-bd946494ac4c
								</URL>
							</linkage>
							<protocol>
								<CharacterString>
									DOI
								</CharacterString>
							</protocol>
							<name>
								<CharacterString>
									Digital Object Identifier (DOI)
								</CharacterString>
							</name>
						</CI_OnlineResource>
					</onLine>
				</MD_DigitalTransferOptions>
			</transferOptions>
		</MD_Distribution>
	</distributionInfo>
	<dataQualityInfo>
		<DQ_DataQuality>
			<scope>
				<DQ_Scope>
					<level>
						<MD_ScopeCode codeListValue="dataset" codeList="http://standards.iso.org/iso/19139/resources/gmxCodelists.xml#MD_ScopeCode" />
					</level>
				</DQ_Scope>
			</scope>
			<report>
				<DQ_DomainConsistency>
					<measureIdentification>
						<RS_Identifier>
							<code>
								<CharacterString>
									Conformity_001
								</CharacterString>
							</code>
							<codeSpace>
								<CharacterString>
									INSPIRE
								</CharacterString>
							</codeSpace>
						</RS_Identifier>
					</measureIdentification>
					<result>
						<DQ_ConformanceResult>
							<specification>
								<CI_Citation>
									<title>
										<CharacterString>
											Verordnung (EG) NR. 1089/2010 der Kommission vom 23. November 2010 zur Durchführung der Richtlinie 2007/2/EG des Europäischen Parlaments und des Rates hinsichtlich der Interoperabilität von Geodatensätzen und -diensten
										</CharacterString>
									</title>
									<date>
										<CI_Date>
											<date>
												<Date>
													2010-12-08
												</Date>
											</date>
											<dateType>
												<CI_DateTypeCode codeList="http://standards.iso.org/iso/19139/resources/gmxCodelists.xml#CI_DateTypeCode" codeListValue="publication" />
											</dateType>
										</CI_Date>
									</date>
								</CI_Citation>
							</specification>
							<explanation>
								<CharacterString>
									siehe referenzierte Spezifikation
								</CharacterString>
							</explanation>
							<pass>
								<Boolean>
									false
								</Boolean>
							</pass>
						</DQ_ConformanceResult>
					</result>
				</DQ_DomainConsistency>
			</report>
			<lineage>
				<LI_Lineage>
					<statement>
						<CharacterString>
							Datenerfassung und -verarbeitung Grafische Daten Ersterfassung: Digitalisierung der analogen Katastralmappe unter Einbeziehung der koordinativ vorhandenen Datenbestände (1989 bis 2005) Laufende Aktualisierung (gültig für den jeweiligen Stichtag) durch Grundbuchsbeschlüsse Amtshandlungen der Vermessungsämter Fernerkundungsdaten Qualitätsverbessernde Maßnahmen Topologie der Daten: Die Daten der Katastralmappe sind nur innerhalb der Katastralgemeinde topologisch geprüft, aufgrund der Führung und Verarbeitung kann es an Katastralgemeindegrenzen, Vermessungssprengelgrenzen und bei Grenzen zwischen den Meridianstreifen (Gauß-Krüger M28, M31 und M34) zu Inkonsistenzen kommen. Dies ist speziell bei der Verarbeitung in Geographischen Informationssystemen zu beachten. Allgemeine Lagegenauigkeit Die Genauigkeit der DKM entspricht grundsätzlich jener der analogen Katastralmappe. Falsch und grob irreführend ist daher die Ansicht, aus der maßstabsfreien Darbietungsmöglichkeit der DKM deren Qualität abzuleiten. Vielmehr sind folgende Genauigkeitsstufen zu unterscheiden: cm-Bereich: Bei Grenzkatastergrundstücken liegt die Genauigkeit innerhalb der in der gültigen Vermessungsverordnung geforderten mittleren Punktlagegenauigkeit. Der Grenzverlauf dieser Grundstücke ist rechtlich verbindlich dokumentiert. In der graphischen Darstellung der DKM sind die Grundstücksnummern mit drei kurzen Strichen unterstrichen, im Grundstücksverzeichnis mit dem Indikator "G" gekennzeichnet. Flächen von Grenzkatastergrundstücken sind mit hoher Präzision aus den Koordinaten der Grenzpunkte abgeleitet. dm- bis m-Bereich: In Gebieten mit Folgevermessungen weist die DKM die Qualität jener Pläne und Handrisse auf, die bei der DKM-Erstellung berücksichtigt wurden. Einen Hinweis auf Folgevermessungen liefert ein Grenzpunktsymbol oder eine Grenzpunktnummer in der DKM. m-Bereich: Ohne Folgevermessungen nach der Erstaufnahme entspricht die Qualität der DKM jener der ursprünglichen Aufnahme aus dem 19. Jahrhundert. Die nachbarschaftliche Lagegenauigkeit der Triangulierungs- und Einschaltpunkte beträgt < 5 cm bzw. < 7 cm. Für die Höhenfestpunkte gelten je nach Kartierungsgrundlage unterschiedliche Genauigkeiten in der Lagedarstellung. Auf Basis der Katastralmappe beträgt sie wenige dm, auf Basis der ÖK50 reicht die Lageunsicherheit bis zu ca. 25 m. Fortführung Die Katasterbestandteile der Grundstücksdatenbank werden direkt in den zuständigen Vermessungsämtern geführt und aktualisiert, die Eigentumsverhältnisse durch das zuständige Grundbuchsgericht. Anlässe für Führungsfälle sind: - Grundbuchsbeschlüsse - Aktualisierung der Benützungsarten / Nutzungen - Qualitätsverbessernde Maßnahmen - Ergebnisse von Agrarverfahren - Berichtigungsverfahren - Grundstücksvereinigungen - Grenzvermessungen - Grenzermittlungen - Grenzwiederherstellungen Allgemeine Vollständigkeit Flächendeckend über Österreich verfügbar.
						</CharacterString>
					</statement>
				</LI_Lineage>
			</lineage>
		</DQ_DataQuality>
	</dataQualityInfo>
</MD_Metadata>
