<?xml version="1.0"?>
<MD_Metadata xmlns="http://www.isotc211.org/2005/gmd" xmlns:gco="http://www.isotc211.org/2005/gco" xmlns:gts="http://www.isotc211.org/2005/gts" xmlns:srv="http://www.isotc211.org/2005/srv" xmlns:gml="http://www.opengis.net/gml" xmlns:gmx="http://www.isotc211.org/2005/gmx" xmlns:xlink="http://www.w3.org/1999/xlink" xmlns:xsi="http://www.w3.org/2001/XMLSchema-instance">
	<language>
		<LanguageCode codeList="http://www.loc.gov/standards/iso639-2/php/code_list.php" codeListValue="eng" codeSpace="ISO639-2">eng</LanguageCode>
	</language>
	<characterSet>
		<MD_CharacterSetCode codeList="http://www.isotc211.org/2005/resources/Codelist/gmxCodelists.xml#MD_CharacterSetCode" codeListValue="utf8" codeSpace="ISOTC211/19115">utf8</MD_CharacterSetCode>
	</characterSet>
	<hierarchyLevel>
		<MD_ScopeCode codeList="http://www.isotc211.org/2005/resources/Codelist/gmxCodelists.xml#MD_ScopeCode" codeListValue="dataset" codeSpace="ISOTC211/19115">dataset</MD_ScopeCode>
	</hierarchyLevel>
	<hierarchyLevelName>
		<gco:CharacterString>dataset</gco:CharacterString>
	</hierarchyLevelName>
	<contact>
		<CI_ResponsibleParty>
			<individualName>
				<gco:CharacterString>Edah Šahinović</gco:CharacterString>
			</individualName>
			<organisationName>
				<gco:CharacterString>ZGIS</gco:CharacterString>
			</organisationName>
			<positionName>
				<gco:CharacterString>Student</gco:CharacterString>
			</positionName>
			<role>
				<CI_RoleCode codeList="http://www.isotc211.org/2005/resources/Codelist/gmxCodelists.xml#CI_RoleCode" codeListValue="pointOfContact" codeSpace="ISOTC211/19115">pointOfContact</CI_RoleCode>
			</role>
		</CI_ResponsibleParty>
	</contact>
	<dateStamp>
		<gco:Date>2023-05-15</gco:Date>
	</dateStamp>
	<metadataStandardName>
		<gco:CharacterString>ISO 19139 Geographic Information - Metadata - Implementation Specification</gco:CharacterString>
	</metadataStandardName>
	<metadataStandardVersion>
		<gco:CharacterString>2007</gco:CharacterString>
	</metadataStandardVersion>
	<spatialRepresentationInfo>
		<MD_VectorSpatialRepresentation>
			<topologyLevel>
				<MD_TopologyLevelCode codeList="http://www.isotc211.org/2005/resources/Codelist/gmxCodelists.xml#MD_TopologyLevelCode" codeListValue="geometryOnly" codeSpace="ISOTC211/19115">geometryOnly</MD_TopologyLevelCode>
			</topologyLevel>
			<geometricObjects>
				<MD_GeometricObjects>
					<geometricObjectType>
						<MD_GeometricObjectTypeCode codeList="http://www.isotc211.org/2005/resources/Codelist/gmxCodelists.xml#MD_GeometricObjectTypeCode" codeListValue="composite" codeSpace="ISOTC211/19115">composite</MD_GeometricObjectTypeCode>
					</geometricObjectType>
					<geometricObjectCount>
						<gco:Integer>327</gco:Integer>
					</geometricObjectCount>
				</MD_GeometricObjects>
			</geometricObjects>
		</MD_VectorSpatialRepresentation>
	</spatialRepresentationInfo>
	<referenceSystemInfo>
		<MD_ReferenceSystem>
			<referenceSystemIdentifier>
				<RS_Identifier>
					<code>
						<gco:CharacterString>31255</gco:CharacterString>
					</code>
					<codeSpace>
						<gco:CharacterString>EPSG</gco:CharacterString>
					</codeSpace>
					<version>
						<gco:CharacterString>7.6.6(9.3.0.0)</gco:CharacterString>
					</version>
				</RS_Identifier>
			</referenceSystemIdentifier>
		</MD_ReferenceSystem>
	</referenceSystemInfo>
	<identificationInfo>
		<MD_DataIdentification>
			<citation>
				<CI_Citation>
					<title>
						<gco:CharacterString>HQ_RISIKOZONEN</gco:CharacterString>
					</title>
					<date>
						<CI_Date>
							<date>
								<gco:Date>2023-04-01</gco:Date>
							</date>
							<dateType>
								<CI_DateTypeCode codeList="http://www.isotc211.org/2005/resources/Codelist/gmxCodelists.xml#CI_DateTypeCode" codeListValue="revision" codeSpace="ISOTC211/19115">revision</CI_DateTypeCode>
							</dateType>
						</CI_Date>
					</date>
					<presentationForm>
						<CI_PresentationFormCode codeList="http://www.isotc211.org/2005/resources/Codelist/gmxCodelists.xml#CI_PresentationFormCode" codeListValue="mapDigital" codeSpace="ISOTC211/19115">mapDigital</CI_PresentationFormCode>
					</presentationForm>
				</CI_Citation>
			</citation>
			<abstract>
				<gco:CharacterString>The risk zones for the Upper Austria are represented by different types of danger zone:Type --&amp;gt; type of danger zone:red zone = no construction zonered-yellow zone = priority zone for retention, runoff and water managementyellow zone = mandatory and precautionary zoneblue zone = zone for water management needs</gco:CharacterString>
			</abstract>
			<purpose>
				<gco:CharacterString>This dataset represents the water risk zones categorized on different levels based on the risk level for the Upper Austria.</gco:CharacterString>
			</purpose>
			<pointOfContact>
				<CI_ResponsibleParty>
					<individualName>
						<gco:CharacterString>Edah Šahinović</gco:CharacterString>
					</individualName>
					<organisationName>
						<gco:CharacterString>ZGIS</gco:CharacterString>
					</organisationName>
					<positionName>
						<gco:CharacterString>Student</gco:CharacterString>
					</positionName>
					<role>
						<CI_RoleCode codeList="http://www.isotc211.org/2005/resources/Codelist/gmxCodelists.xml#CI_RoleCode" codeListValue="pointOfContact" codeSpace="ISOTC211/19115">pointOfContact</CI_RoleCode>
					</role>
				</CI_ResponsibleParty>
			</pointOfContact>
			<descriptiveKeywords>
				<MD_Keywords>
					<keyword>
						<gco:CharacterString>Downloadable Data</gco:CharacterString>
					</keyword>
					<thesaurusName uuidref="723f6998-058e-11dc-8314-0800200c9a66"/>
				</MD_Keywords>
			</descriptiveKeywords>
			<descriptiveKeywords>
				<MD_Keywords>
					<keyword>
						<gco:CharacterString>flood</gco:CharacterString>
					</keyword>
					<keyword>
						<gco:CharacterString>risk zones</gco:CharacterString>
					</keyword>
					<keyword>
						<gco:CharacterString>water</gco:CharacterString>
					</keyword>
					<keyword>
						<gco:CharacterString>Upper Austria</gco:CharacterString>
					</keyword>
				</MD_Keywords>
			</descriptiveKeywords>
			<spatialRepresentationType>
				<MD_SpatialRepresentationTypeCode codeList="http://www.isotc211.org/2005/resources/Codelist/gmxCodelists.xml#MD_SpatialRepresentationTypeCode" codeListValue="vector" codeSpace="ISOTC211/19115">vector</MD_SpatialRepresentationTypeCode>
			</spatialRepresentationType>
			<language>
				<LanguageCode codeList="http://www.loc.gov/standards/iso639-2/php/code_list.php" codeListValue="eng" codeSpace="ISO639-2">eng</LanguageCode>
			</language>
			<characterSet>
				<MD_CharacterSetCode codeList="http://www.isotc211.org/2005/resources/Codelist/gmxCodelists.xml#MD_CharacterSetCode" codeListValue="utf8" codeSpace="ISOTC211/19115">utf8</MD_CharacterSetCode>
			</characterSet>
			<topicCategory>
				<MD_TopicCategoryCode>boundaries</MD_TopicCategoryCode>
			</topicCategory>
			<topicCategory>
				<MD_TopicCategoryCode>environment</MD_TopicCategoryCode>
			</topicCategory>
			<topicCategory>
				<MD_TopicCategoryCode>geoscientificInformation</MD_TopicCategoryCode>
			</topicCategory>
			<topicCategory>
				<MD_TopicCategoryCode>inlandWaters</MD_TopicCategoryCode>
			</topicCategory>
			<environmentDescription>
				<gco:CharacterString>Microsoft Windows 10 Version 10.0 (Build 19045) ; Esri ArcGIS 13.0.3.36057</gco:CharacterString>
			</environmentDescription>
			<extent>
				<EX_Extent>
					<geographicElement>
						<EX_GeographicBoundingBox>
							<extentTypeCode>
								<gco:Boolean>true</gco:Boolean>
							</extentTypeCode>
							<westBoundLongitude>
								<gco:Decimal>12.808377</gco:Decimal>
							</westBoundLongitude>
							<eastBoundLongitude>
								<gco:Decimal>14.858105</gco:Decimal>
							</eastBoundLongitude>
							<southBoundLatitude>
								<gco:Decimal>47.538977</gco:Decimal>
							</southBoundLatitude>
							<northBoundLatitude>
								<gco:Decimal>48.681101</gco:Decimal>
							</northBoundLatitude>
						</EX_GeographicBoundingBox>
					</geographicElement>
				</EX_Extent>
			</extent>
		</MD_DataIdentification>
	</identificationInfo>
	<distributionInfo>
		<MD_Distribution>
			<distributionFormat>
				<MD_Format>
					<name>
						<gco:CharacterString>Shapefile</gco:CharacterString>
					</name>
					<version>
						<gco:CharacterString>2.0</gco:CharacterString>
					</version>
				</MD_Format>
			</distributionFormat>
			<transferOptions>
				<MD_DigitalTransferOptions>
					<transferSize>
						<gco:Real>143.571</gco:Real>
					</transferSize>
				</MD_DigitalTransferOptions>
			</transferOptions>
		</MD_Distribution>
	</distributionInfo>
	<dataQualityInfo>
		<DQ_DataQuality>
			<scope>
				<DQ_Scope>
					<level>
						<MD_ScopeCode codeList="http://www.isotc211.org/2005/resources/Codelist/gmxCodelists.xml#MD_ScopeCode" codeListValue="dataset" codeSpace="ISOTC211/19115">dataset</MD_ScopeCode>
					</level>
				</DQ_Scope>
			</scope>
			<lineage>
				<LI_Lineage>
					<statement>
						<gco:CharacterString>The flood risk zones dataset has been derived without any personal modifications downloaded on March 2023 from https://www.land-oberoesterreich.gv.at/122181.htm</gco:CharacterString>
					</statement>
				</LI_Lineage>
			</lineage>
		</DQ_DataQuality>
	</dataQualityInfo>
	<metadataMaintenance>
		<MD_MaintenanceInformation>
			<maintenanceAndUpdateFrequency>
				<MD_MaintenanceFrequencyCode codeList="http://www.isotc211.org/2005/resources/Codelist/gmxCodelists.xml#MD_MaintenanceFrequencyCode" codeListValue="notPlanned" codeSpace="ISOTC211/19115">notPlanned</MD_MaintenanceFrequencyCode>
			</maintenanceAndUpdateFrequency>
		</MD_MaintenanceInformation>
	</metadataMaintenance>
</MD_Metadata>
